URL,Keywords
https://www.liferay.com/,"Liferay, DXP"
https://www.liferay.com/blog,"Liferay Blog, Customer Experience, Digital Strategy"
https://www.liferay.com/blog/en-us/customer-experience/how-do-customer-experience-improvements-impact-revenue-,"Customer Experience Improvements, Digital Marketing"
https://www.liferay.com/blog/en-us/digital-strategy/portal-vs-website-when-to-use-each,"Portal, website, CMS"
https://www.liferay.com/blog/en-us/digital-strategy/types-of-portals-three-major-areas-to-consider,"types of portals, website design, user experience, portal software"
https://www.liferay.com/blog/en-us/digital-strategy/what-you-need-to-know-about-gdpr,"GDPR, privacy laws, Europe, Liferay DXP"
https://www.liferay.com/blog/en-us/digital-strategy/why-portals-are-becoming-digital-experience-platforms-according-to-the-gartner-magic-quadrant-for-horizontal-portals,"Gartner MQ for Horizontal Portals, Digital Experience Platforms"
https://www.liferay.com/company/gartner,"Gartner MQ for Horizontal Portals, Liferay DXP"
https://www.liferay.com/company/gartner/thank-you,Gartner MQ
https://www.liferay.com/company/gartner-critical-capabilities,"Gartner Critical Capabilities Report for Horizontal Portals, Liferay DXP"
https://www.liferay.com/company/our-story,"Liferay company, history"
https://www.liferay.com/consulting,"Liferay consulting, Liferay Global Services packages, Liferay DXP implementation, Liferay DXP upgrade analysis"
https://www.liferay.com/contact-us,"Liferay company, contact us, company info"
https://www.liferay.com/digital-experience-platform,"Liferay DXP, features, dxp software"
https://www.liferay.com/digital-experience-platform/trial-expired,Liferay DXP trial
https://www.liferay.com/downloads,"Liferay downloads, open source projects, Liferay Portal CE 7.0"
https://www.liferay.com/downloads/ce-license,
https://www.liferay.com/downloads/ee-license,
https://www.liferay.com/downloads/thanks-for-downloading,
https://www.liferay.com/en/product/features/platform,
https://www.liferay.com/en/resource?title=apicil,
https://www.liferay.com/en/resource?title=britam,
https://www.liferay.com/en/resource?title=cnp-assurances,
https://www.liferay.com/en/resource?title=copperpoint,
https://www.liferay.com/en/resource?title=klesia,
https://www.liferay.com/en/resource?title=mercury-insurance-group,
https://www.liferay.com/en/resources,
https://www.liferay.com/en/resources/l?title=intranets,
https://www.liferay.com/en/services/certification/dxp/back-end-developer,
https://www.liferay.com/en/solutions,
https://www.liferay.com/en/subscription-services,
https://www.liferay.com/en/web/events-devcon,
https://www.liferay.com/en/web/events-liferay-symposium-france-new/home,
https://www.liferay.com/en/web/events-symposium-north-america/blog?blogCategoryName=digital-strategy&regionCategoryName=en-us&title=a-behind-the-scenes-look-at-one-companys-digital-transformation,
https://www.liferay.com/end-of-service-life,
https://www.liferay.com/end-of-service-life/liferay-dxp,
https://www.liferay.com/events,
https://www.liferay.com/events/liferay-conferences,
https://www.liferay.com/events/web-events,
https://www.liferay.com/forrester-wave-digital-experience-platforms,
https://www.liferay.com/forrester-wave-digital-experience-platforms/thank-you,
https://www.liferay.com/get-price-quote,
https://www.liferay.com/legal,
https://www.liferay.com/locations,
https://www.liferay.com/press-release?title=for-seventh-year-liferay-named-a-leader-in-gartner-magic-quadrant-for-horizontal-portals,
https://www.liferay.com/press-release?title=liferay-named-a-leader-in-2018-gartner-magic-quadrant-for-digital-experience-platforms,
https://www.liferay.com/press-releases,
https://www.liferay.com/press-releases/newsletter-signup,
https://www.liferay.com/product/features/assets,
https://www.liferay.com/product/features/experiences,
https://www.liferay.com/product/features/platform,
https://www.liferay.com/product/social-office,
https://www.liferay.com/product/tech-specs,
https://www.liferay.com/products/liferay-portal/ee/,
https://www.liferay.com/request-a-demo,
https://www.liferay.com/resource/13811/Digital+Experience+Platforms+-+Designed+for+Digital+Transformation,
https://www.liferay.com/resource/1645493/Advanced+Liferay+Architecture,
https://www.liferay.com/resource/1645493/Deploying+Liferay+DXP+Using+Docker,
https://www.liferay.com/resource/1645493/Liferay+DXP+Deployment+Checklist,
https://www.liferay.com/resource/1645493/Liferay+DXP+Roles+Quick+Start+Guide,
https://www.liferay.com/resource/3292406/Liferay+DXP+Features+Overview,
https://www.liferay.com/resource/abc-splash-delivers-rich-resources-to-teachers-and-students,
https://www.liferay.com/resource/advanced-energy,
https://www.liferay.com/resource/airbus,
https://www.liferay.com/resource/allianz,
https://www.liferay.com/resource/autozone,
https://www.liferay.com/resource/bper,
https://www.liferay.com/resource/brazilian-army,
https://www.liferay.com/resource/britam,
https://www.liferay.com/resource/capella-university,
https://www.liferay.com/resource/coach-case-study,
https://www.liferay.com/resource/domino-s,
https://www.liferay.com/resource/federal-bank-limited,
https://www.liferay.com/resource/hewlett-packard,
https://www.liferay.com/resource/illinois-student-assistance-commission,
https://www.liferay.com/resource/medimpact,
https://www.liferay.com/resource?title=priceline,
https://www.liferay.com/resource?title=unisys,
https://www.liferay.com/resources/l/digital-customer-experience,
https://www.liferay.com/resources/l/digital-experience-platform,
https://www.liferay.com/resources/l/digital-transformation,
https://www.liferay.com/resources/l?title=content-management-system,
https://www.liferay.com/resources/l?title=digital-business,
https://www.liferay.com/resources/l?title=digital-strategy,
https://www.liferay.com/resources?17989categoryIds=18046,Healthcare
https://www.liferay.com/resources?93350categoryIds=93352,Case Studies
"https://www.liferay.com/resources?93350categoryIds=93356,93355","Business Whitepapers
Technical Whitepapers"
https://www.liferay.com/security-statement,
https://www.liferay.com/services/certification,
https://www.liferay.com/services/certification/dxp/back-end-developer,
https://www.liferay.com/services/certification/dxp/front-end-developer,
https://www.liferay.com/services/certification/professional-developer/6.2,
https://www.liferay.com/services/partners,
https://www.liferay.com/services/partners/become-a-partner,
https://www.liferay.com/services/partners?countryA2Codes=US,"United States
Partners"
https://www.liferay.com/services/training,
https://www.liferay.com/services/training/online-training,
https://www.liferay.com/services/training/private-training,
https://www.liferay.com/services/training/public-training,
https://www.liferay.com/services/training/topics,
https://www.liferay.com/services/training/topics/content-management,
https://www.liferay.com/services/training/topics/developer,
https://www.liferay.com/services/training/topics/front-end-developer,
https://www.liferay.com/services/training/topics/fundamentals,
https://www.liferay.com/services/training/topics/platform-developer,
https://www.liferay.com/services/training/topics/system-admin,
https://www.liferay.com/solutions,
https://www.liferay.com/solutions/industries/banking,
https://www.liferay.com/solutions/industries/government,
https://www.liferay.com/solutions/industries/healthcare,
https://www.liferay.com/solutions/industries/insurance,
https://www.liferay.com/solutions/industries/manufacturing,
https://www.liferay.com/solutions/industries/retail,
https://www.liferay.com/solutions/intranets,
https://www.liferay.com/solutions/mobile,
https://www.liferay.com/solutions/portals,
https://www.liferay.com/solutions/websites,
https://www.liferay.com/subscription-services,
https://www.liferay.com/subscription-services/end-of-service-life/liferay-digital-enterprise,
https://www.liferay.com/subscription-services/end-of-service-life/liferay-portal,
https://www.liferay.com/subscription-services/thank-you,
https://www.liferay.com/support/coverage-areas-and-hours,
https://www.liferay.com/supporting-products/liferay-connected-services,
https://www.liferay.com/supporting-products/liferay-screens,
https://www.liferay.com/supporting-products/liferay-sync,
https://www.liferay.com/web/events-devcon/recap,
https://www.liferay.com/web/events-ldsf-dach/home,
https://www.liferay.com/web/events-ldsf-dach/recap#agenda,
https://www.liferay.com/web/events-symposium-north-america/recap,